ID_tm;JMENO PRIJMENI;DATUM
1;RENE MASKOVA;13.04.2021
1;RICHARD SYKORA;14.04.2021
1;ROBERT DOSTAL;15.04.2021
1;ROBIN STASTNY;16.04.2021
1;ROMAN BEDNAR;17.04.2021
1;ROMANA VESELA;18.04.2021
1;ROSTISLAV VALENTA;19.04.2021
1;RUDOLF BLAHA;20.04.2021
1;RUZENA TUMA;21.04.2021
1;SABINA PESKOVA;22.04.2021
1;SAMUEL SMID;23.04.2021
1;SANDRA SMIDOVA;24.04.2021
1;SARA MACHACKOVA;25.04.2021
1;SILVIE HRUBA;26.04.2021
1;SIMONA JANDOVA;27.04.2021
1;SOFIE SEDLAKOVA;28.04.2021
1;SONA KASPAROVA;29.04.2021
1;STANISLAV HORVATH;30.04.2021
1;STANISLAVA FISEROVA;19.12.2020
1;SARKA BILKOVA;20.12.2020
1;SIMON JAROS;21.12.2020
1;STEFAN SEDLAK;22.12.2020
1;STEPAN SLAVIK;23.12.2020
1;DALIBOR BENES;11.06.2021
1;DANA BENESOVA;12.06.2021
1;DANIEL BENES;13.06.2021
1;DANIELA BENESOVA;15.06.2021
1;DANUSE KOLAR;19.06.2021
1;DAVID SEDLACEK;20.06.2021
1;DENIS DOLEZAL;22.06.2021
1;DENISA DOLEZALOVA;24.06.2021
1;DITA ZEMANOVA;25.06.2021
1;DOMINIK NAVRATIL;27.06.2021
1;DOMINIKA CERMAKOVA;1.07.2021
1;DRAHOMIRA VANOVA;2.07.2021
1;DUSAN URBAN;3.07.2021
1;EDITA KRATOCHVILOVA;6.07.2021
1;EDUARD BLAZEK;8.07.2021
1;ELENA SIMKOVÁ;9.07.2021
1;ELISKA BLAZKOVA;10.07.2021
1;EMA KRIZOVA;12.07.2021
1;EMIL KRIZ;13.07.2021
1;EMILIE KOPECKA;20.07.2021
1;EMMA KOVAROVA;15.07.2021
1;ERIK RIHA;26.07.2021
1;ERIKA MACHOVA;28.07.2021
1;EVA SMIDOVA;2.08.2021
1;FILIP HRUSKA;4.08.2021
1;FRANTISEK MASEK;1.08.2021
1;FRANTISKA SEVCIK;3.08.2021
1;GABRIELA LISKOVA;5.08.2021
1;HANA KREJCOVA;6.08.2021
1;HEDVIKA JANDOVA;8.08.2021
1;HELENA DUSKOVA;9.08.2021
1;ILONA PAVLIKOVA;13.08.2021
1;IRENA BURESOVA;25.08.2021
1;IVA BLAHOVA;14.08.2021
1;IVAN MATOUSEK;20.08.2021
1;IVANA TICHA;22.08.2021
1;IVETA MORAVCOVA;24.08.2021
1;IVO HRUSKA;1.01.2021
1;JAKUB SYKORA;2.01.2021
1;JAN VALENTA;3.01.2021
1;JANA VAVROVA;4.01.2021
1;JARMILA MATOUSKOVA;5.01.2021
1;JAROMIR BURES;6.01.2021
1;JAROSLAV MACH;7.01.2021
1;JAROSLAVA HAVLICKOVA;8.01.2021
1;JAN JANDA;9.01.2021
1;JINDRICH HRUBY;10.01.2021
1;JINDRISKA BERANOVA;11.01.2021
1;JIRINA LISKOVA;12.01.2021
1;JIRI LISKA;13.01.2021
1;JITKA TOMANOVA;14.01.2021
1;JOLANA VACKOVA;15.01.2021
1;JONAS VITEK;16.01.2021
1;JOSEF BEDNAR;17.01.2021
1;JULIE ZAKOVA;18.01.2021
1;KAMIL MECHACEK;19.01.2021
1;KAMILA VITKOVA;20.01.2021
1;KAREL MULLER;21.01.2021
1;KARLA BEDNAROVA;22.01.2021
1;KAROLINA VITKOVA;23.01.2021
1;KATERINA MACHACKOVA;24.01.2021
1;KLARA BARTOVA;25.01.2021
1;KRISTINA TUMOVA;27.01.2021
1;KRISTYNA JARSOVA;28.01.2021
1;KRYSTOF TOMAN;29.01.2021
1;KVETA JANECKOVA;30.01.2021
1;KVETOSLAVA SEDLAKOVA;31.01.2021
1;KVETUSE POKROP;1.02.2021
1;LADA HORVATHOVA;2.02.2021
1;LADISLAV HAVEL;3.02.2021
1;LADISLAVA KUBIKOVA;4.02.2021
1;LAURA BROZOVA;5.02.2021
1;LENKA HORACKOVA;6.02.2021
1;LEONA BERANKOVA;7.02.2021
1;LEOS PAVLICEK;8.02.2021
1;LIBOR KUBÍČEK;9.02.2021
1;LIBUSE TESAR;10.02.2021
1;LINDA KRAUSOVA;11.02.2021
1;LUBOMIR BROZ;12.02.2021
1;LUBOS HORACEK;13.02.2021
1;LUCIE BERANKOVA;14.02.2021
1;LUDEK FISER;15.02.2021
1;LUDMILA STRNADOVA;16.02.2021
1;LUDVIK BERANEK;17.02.2021
1;LUKAS MATEJKA;18.02.2021
1;MAGDA HORVATH;19.02.2021
1;MAGDALENA JEZKOVA;20.02.2021
1;MAGDALENA SLABIKOVA;21.02.2021
1;MARCEL KRAS;22.02.2021
1;MARCELA BROZOVA;23.02.2021
1;MAREK FISER;24.02.2021
1;MARIAN SLAVIK;25.02.2021
1;MARIE MULLEROVA;26.02.2021
1;MARKETA STEJSKALOVA;27.02.2021
1;MARTA MATEJKOVA;28.02.2021
1;MARTIN JEZEK;1.03.2021
1;MARTINA SLABIKOVA;2.03.2021
1;MATEJ JEZEK;3.03.2021
1;MATOUS BROZ;4.03.2021
1;MATYAS MATEJKA;5.03.2021
1;MARIA BROZOVA;6.03.2021
1;MICHAEL FISER;7.03.2021
1;MICHAELA MARKOVA;8.03.2021
1;MICHAL NAVRATIL;9.03.2021
1;MIKULAS VANEK;10.03.2021
1;MILADA CERMAKOVA;11.03.2021
1;MILAN KRIZ;12.03.2021
1;MILENA BLAZKOVA;13.03.2021
1;MILOSLAV KOVAR;14.03.2021
1;MILOSLAVA KOPECKA;15.03.2021
1;MILOS RUZICKA;16.03.2021
1;MILUSE BENESOVS;17.03.2021
1;MIROSLAV CAMBOR;18.03.2021
1;MIROSLAVA ZEMANOVA;19.03.2021
1;MONIKA JELINKOVA;20.03.2021
1;NADEZDA HORAKOVA;21.03.2021
1;NATALIE NOVOTNA;22.03.2021
1;NELA SVOBODOVA;23.03.2021
1;NIKOL BARTOS;24.03.2021
1;NIKOLA BARTOS;25.03.2021
1;OLDRICH MUSIL;26.03.2021
1;OLGA CECHOVA;27.03.2021
1;ONDREJ MALY;28.03.2021
1;OTAKAR KONECNY;29.03.2021
1;PATRIK DVORAK;30.03.2021
1;PAVEL CERMAK;31.03.2021
1;PAVLA SIMKOVA;1.04.2021
1;PAVLINA KOPECKA;2.04.2021
1;PETR URBAN;3.04.2021
1;PETRA KOLAROVA;4.04.2021
1;PREMYSL KRIZ;5.04.2021
1;RADEK FIALA;6.04.2021
1;RADIM DOLEZAL;7.04.2021
1;RADKA VANKOVÁ;8.04.2021
1;RADOMIR PROCHAZKA;9.04.2021
1;RADOVAN CERNY;10.04.2021
1;RENATA BARTOVA;11.04.2021
1;RENATA TICHA;12.04.2021
1;STEPANKA STRNAD;24.12.2020
1;TADEAS BALIK;25.12.2020
1;TATANA PESKOVA;26.12.2020
1;TEREZA SVECOVA;27.12.2020
1;TEREZIE NEMECKOVA;28.12.2020
1;TOBIAS PAVLICEK;29.12.2020
1;TOMAS KUBICEK;30.12.2020
1;VANESA PETROVA;31.12.2020
1;ADAM NOVAK;11.05.2021
1;ADELA KAZDA;12.05.2021
1;ADRIANA KONARKOVA;13.05.2021
1;ALENA ZEMANOVA;14.05.2021
1;ALES SVEJK;15.05.2021
1;ALEXANDR MAREK;16.05.2021
1;ALEXANDRA SVITORKOVA;17.05.2021
1;ALICE VODICKA;18.05.2021
1;ALOIS MUCHA;19.05.2021
1;ALZBETA PETROVA;20.05.2021
1;AMALIE CERNA;21.05.2021
1;ANDREA KUCEROVA;22.05.2021
1;ANETA VESELA;23.05.2021
1;ANEZKA SVOBODOVA;24.05.2021
1;ANNA DVORAKOVA;25.05.2021
1;ANTONIE PROCHAZKA;26.05.2021
1;ANTONIN NEMEC;27.05.2021
1;BARBORA BRYLSKA;1.06.2021
1;BEDRICH SMETANA;2.06.2021
1;BLANKA NOVOTNA;3.06.2021
1;BLAZENA HORAKOVA;4.06.2021
1;BOHUMIL POSPISIL;5.06.2021
1;BOHUMILA POKORNA;6.06.2021
1;BOHUSLAV HAJEK;7.06.2021
1;BOZENA KRALOVA;8.06.2021
1;BRETISLAV JELINEK;9.06.2021
1;DAGMAR RUZICKA;10.06.2021